{
  "hash": "5b07fe24",
  "configHash": "5dbdd964",
  "lockfileHash": "b57f8e8c",
  "browserHash": "8ad26ca2",
  "optimized": {
    "@angular/common": {
      "src": "../../../../../node_modules/@angular/common/fesm2022/common.mjs",
      "file": "@angular_common.js",
      "fileHash": "0dc1a632",
      "needsInterop": false
    },
    "@angular/common/http": {
      "src": "../../../../../node_modules/@angular/common/fesm2022/http.mjs",
      "file": "@angular_common_http.js",
      "fileHash": "4ec7a30d",
      "needsInterop": false
    },
    "@angular/core": {
      "src": "../../../../../node_modules/@angular/core/fesm2022/core.mjs",
      "file": "@angular_core.js",
      "fileHash": "9bd90cdb",
      "needsInterop": false
    },
    "@angular/platform-browser": {
      "src": "../../../../../node_modules/@angular/platform-browser/fesm2022/platform-browser.mjs",
      "file": "@angular_platform-browser.js",
      "fileHash": "2002064f",
      "needsInterop": false
    },
    "@angular/router": {
      "src": "../../../../../node_modules/@angular/router/fesm2022/router.mjs",
      "file": "@angular_router.js",
      "fileHash": "839429d6",
      "needsInterop": false
    },
    "@angular/forms": {
      "src": "../../../../../node_modules/@angular/forms/fesm2022/forms.mjs",
      "file": "@angular_forms.js",
      "fileHash": "1166d386",
      "needsInterop": false
    },
    "rxjs": {
      "src": "../../../../../node_modules/rxjs/dist/esm5/index.js",
      "file": "rxjs.js",
      "fileHash": "b8253596",
      "needsInterop": false
    }
  },
  "chunks": {
    "chunk-Y6VDGAZN": {
      "file": "chunk-Y6VDGAZN.js"
    },
    "chunk-2IRRX5HF": {
      "file": "chunk-2IRRX5HF.js"
    },
    "chunk-T76FZRMF": {
      "file": "chunk-T76FZRMF.js"
    },
    "chunk-6JJ7KVRE": {
      "file": "chunk-6JJ7KVRE.js"
    },
    "chunk-T4QU4GDF": {
      "file": "chunk-T4QU4GDF.js"
    }
  }
}